{"cameraMode":{"drawMode":0,"name":"Shaded","section":"Shading Mode"},"sceneLighting":true,"audioPlay":false,"sceneViewState":{"m_AlwaysRefresh":false,"showFog":true,"showSkybox":true,"showFlares":true,"showImageEffects":true,"showParticleSystems":true,"showVisualEffectGraphs":true,"m_FxEnabled":true},"in2DMode":false,"pivot":{"x":-3.790313720703125,"y":7.601619720458984,"z":-13.459774017333985},"rotation":{"x":-0.037521712481975558,"y":0.9547145366668701,"z":-0.13697411119937898,"w":-0.26146644353866579},"size":34.40308380126953,"orthographic":true}